{"cameraMode":{"drawMode":0,"name":"Shaded","section":"Shading Mode"},"sceneLighting":false,"audioPlay":false,"sceneViewState":{"m_AlwaysRefresh":false,"showFog":true,"showSkybox":false,"showFlares":true,"showImageEffects":true,"showParticleSystems":true,"showVisualEffectGraphs":true,"m_FxEnabled":true},"in2DMode":false,"pivot":{"x":-0.010224848985671997,"y":5.087157726287842,"z":1.398120403289795},"rotation":{"x":0.04047076776623726,"y":-0.029970914125442506,"z":0.0012144442880526186,"w":0.9987305402755737},"size":6.162426948547363,"orthographic":false}